{
  "engine": {
    "acc": 0.6001959823615874,
    "ll": 0.6627899304529798,
    "br": 0.23491937040010505,
    "ece": 0.03413357683143571
  },
  "gbm": {
    "acc": 0.6185693287604116,
    "ll": 0.6389779065563981,
    "br": 0.2247312424875723,
    "ece": 0.03137608960709423
  },
  "ensemble": {
    "acc": 0.615874571288584,
    "ll": 0.6410414283750578,
    "br": 0.22541048920271886,
    "ece": 0.024839348569141124
  },
  "ciGBM": {
    "acc": [
      0.004654581087702114,
      0.03258206761391469
    ],
    "ll": [
      -0.03062719417233184,
      -0.009597534659545826
    ]
  },
  "ciEns": {
    "acc": [
      0.005879470847623747,
      0.02474277315041651
    ],
    "ll": [
      -0.025084079488118416,
      -0.015476507902203118
    ]
  }
}